"id","name","terms"
"d031172","artemisia annua","artemisia annua;qinghao;sweet wormwood;sweet wormwoods;wormwood sweet;wormwoods sweet;qing hao;sweet annie;annie sweet;annies sweet;sweet annies"
"d019306","artemisia","artemisia;artemisias;sagewort;sageworts;sagebrush;sagebrushs;wormseed levant;levant wormseed;levant wormseeds;wormseeds levant;mugwort;mugworts;wormwood;wormwoods;artemisia capillaris;artemisia capillari;capillari artemisia;capillaris artemisia;artemisia dracunculus;tarragon plant;plant tarragon;plants tarragon;tarragon plants;artemisia maritima;artemisia maritimas;maritimas artemisia;artemisia vulgaris;artemisia vulgari;vulgaris artemisia;artemisia abrotanum;artemisia abrotanums;abrotanums artemisia;southernwood;southernwoods;artemisia judaica;artemisia judaicas;judaica artemisia"
"d031171","artemisia absinthium","artemisia absinthium;artemisia absinthiums;absinthiums artemisia"
"d031173","aster plant","aster plant;aster plants;plant aster;plants aster"
"d036083","atractylis","atractylis;atractyli;atractylis gummifera;atractylis gummiferas;gummiferas atractylis"
"d031174","atractylodes","atractylodes;atractylode;jutsu;jutsus;atractylodes lancea;atractylodes lanceas;lanceas atractylodes"
"d031175","baccharis","baccharis;bacchari;willow water;water willows;willows water;water willow;broom desert;brooms desert;desert broom;desert brooms"
"d031176","bidens","bidens;biden;beggarticks;beggartick;bidens pilosa;bidens pilosas;pilosa bidens"
"d020838","calendula","calendula;calendulas;calendula officinalis;calendula officinali;officinalis calendula"
"d036084","callilepis","callilepis;callilepi;callilepis laureola;callilepis laureolas;laureola callilepis;impila;impilas"
"d031177","carduus","carduus;thistle musk;musk thistle;musk thistles;thistles musk;thistle plumeless;plumeless thistle;plumeless thistles;thistles plumeless"
"d031187","carthamus tinctorius","carthamus tinctorius;safflower;safflowers"
"d031178","carthamus","carthamus;thistle distaff;distaff thistle;distaff thistles;thistles distaff"
"d031179","centaurea","centaurea;centaureas;thistle yellow star;star thistle yellow;star thistles yellow;thistles yellow star;yellow star thistle;yellow star thistles;thistle red star;red star thistle;red star thistles;star thistle red;star thistles red;thistles red star;cornflower;cornflowers;knapweed;knapweeds"
"d031167","chamaemelum","chamaemelum;chamaemelums;chamaemelum nobile;chamaemelum nobiles;nobile chamaemelum;camomile roman;roman camomile;chamomile roman;roman chamomile;anthemis nobilis;anthemis nobili;nobilis anthemis;english chamomile;chamomile english"
"d020843","chamomile","chamomile;chamomiles;camomile;camomiles;chamomile oil;chamomile oils;oil chamomile;oils chamomile"
"d018651","chicory","chicory;cichorium intybus"
"d036604","chromolaena","chromolaena;chromolaenas;chromolaena odorata;chromolaena odoratas;odorata chromolaena;eupatorium odoratum;eupatorium odoratums;odoratums eupatorium"
"d011723","chrysanthemum cinerariifolium","chrysanthemum cinerariifolium;chrysanthemum cinerariifoliums;cinerariifolium chrysanthemum;tanacetum cinerariifolium;tanacetum cinerariifoliums;cinerariifoliums tanacetum;pyrethrum;pyrethrums;chrysanthemum coccineum;chrysanthemum coccineums;coccineums chrysanthemum;pyrethum daisy;daisies pyrethum;daisy pyrethum;pyrethum daisies;tanacetum coccineum;tanacetum coccineums;coccineums tanacetum"
"d031202","chrysanthemum","chrysanthemum;chrysanthemums"
"d031180","cirsium","cirsium;cirsiums;thistle white;thistles white;white thistle;white thistles;thistle yellowspine;thistles yellowspine;yellowspine thistle;yellowspine thistles;thistle common;common thistle;common thistles;thistles common;thistle plume;plume thistle;plume thistles;thistles plume;cirsium arvense;cirsium arvenses;arvenses cirsium;thistle canadian;canadian thistle;canadian thistles;thistles canadian"
"d031181","cnicus","cnicus;thistle blessed;cardo-santo;cardo santo;cardo-santos;blessed thistle;blessed thistles;thistles blessed"
"d035401","conyza","conyza;conyzas;asthmaweed;asthmaweeds;horseweed;horseweeds"
"d031945","coreopsis","coreopsis;coreopses;dahlia sea;dahlias sea;sea dahlia;sea dahlias;tickseed;tickseeds"
"d027468","crepis","crepis;crepi;hawks beard;beard hawks;beards hawks;hawk beard;hawks beards;hawks beard;crepis capillaris;crepis capillari;capillaris crepis"
"d031943","cynara scolymus","cynara scolymus;artichoke;artichokes"
"d031942","cynara","cynara;cynaras;cynara cardunculus;cardoon;cardoons"
"d031944","dahlia","dahlia;dahlias"
"d020900","echinacea","echinacea;echinacea purpurea;coneflower purple;coneflowers purple;purple coneflower;purple coneflowers;rudbeckia purpurea;echinacea pallida;pale purple coneflower;coneflower pale purple;coneflowers pale purple;pale purple coneflowers;purple coneflower pale;purple coneflowers pale;echinacea angustifolia"
"d031182","echinops plant","echinops plant;echinops plants;plant echinops;plants echinops;thistle globe;globe thistle;globe thistles;thistles globe;echinops grijisii;echinops grijisius;grijisii echinops"
"d036601","eclipta","eclipta;ecliptas"
"d049919","erigeron","erigeron;erigerons;fleabane;fleabanes"
"d036602","eupatorium","eupatorium;eupatoriums"
"d037142","flaveria","flaveria;flaverias"
"d036621","geigeria","geigeria;geigerias"
"d036622","gnaphalium","gnaphalium;gnaphaliums"
"d036623","grindelia","grindelia;grindelias;gumplant;gumplants;gumweed;gumweeds"
"d031206","haplopappus","haplopappus;tansyaster;tansyasters"
"d006368","helianthus","helianthus;sunflower;sunflowers;helianthus annuus;jerusalem artichoke;artichoke jerusalem;helianthus tuberosus"
"d036562","helichrysum","helichrysum;helichrysums"
"d038143","inula","inula;inula racemosa;pushkarmula;pushkarmulas;pushkarmoola;pushkarmoolas;indian elecampane;elecampane indian;elecampanes indian;indian elecampanes;inula helenium;elecampane;elecampanes"
"d018545","lettuce","lettuce;lactuca sativa"
"d000078062","leucanthemum","leucanthemum;leucanthemums"
"d043843","leuzea","leuzea;leuzeas;rhaponticum;rhaponticums;leuzea carthamoides;leuzea carthamoide;carthamoides leuzea;rhaponticum carthamoides;rhaponticum carthamoide;carthamoide rhaponticum"
"d000079543","ligularia",""
"d031168","matricaria","matricaria;matricarias;mayweed crown;crown mayweed;crown mayweeds;mayweeds crown;matricaria matricarioides;matricaria matricarioide;matricarioide matricaria;pineapple weed;pineapple weeds;weed pineapple;weeds pineapple;matricaria chamomilla;matricaria chamomillas;chamomilla matricaria;chamomilla recutita;chamomilla recutitas;recutitas chamomilla;chamomile german;camomile german;german camomile;matricaria recutita;matricaria recutitas;recutitas matricaria;german chamomile"
"d035742","mikania","mikania;mikanias;guaco;guacos"
"d020944","milk thistle","milk thistle;milk thistles;thistle milk;thistles milk;carduus marianus;silybum marianum;silybum marianums;marianums silybum"
"d035924","montanoa","montanoa;montanoas;zoapatle;zoapatles;montanoa tomentosa;montanoa tomentosas;tomentosa montanoa"
"d031183","onopordum","onopordum;onopordums;thistle cotton;cotton thistle;cotton thistles;thistles cotton"
"d036901","petasites","petasites;butterbur;butterburs;coltsfoot sweet;coltsfoots sweet;sweet coltsfoot;sweet coltsfoots;petasites hybridus"
"d000070216","psacalium","psacalium;indianbush;psacalium peltatum;matarique;matariques;psacalium putlanum;psacalium decompositum;desert indianbush;indianbush desert;cacalia decomposita;odontotrichum decompositum"
"d052587","pulicaria","pulicaria;pulicarias"
"d036581","ratibida","ratibida;ratibidas;coneflower prairie;coneflowers prairie;prairie coneflower;prairie coneflowers"
"d036582","rudbeckia","rudbeckia;rudbeckias;coneflower orange;coneflowers orange;orange coneflower;orange coneflowers"
"d030441","saussurea","saussurea;saussureas;saussurea lappa;saussurea lappas;lappa saussurea;saussurea costus"
"d031185","scolymus","scolymus;thistle golden;golden thistle;golden thistles;thistles golden;salsify spanish;spanish salsify;goldenthistle;goldenthistles"
"d031186","scorzonera","scorzonera;scorzoneras;scorsonera;scorsoneras;salsify black;black salsifies;black salsify;salsifies black"
"d012674","senecio","senecio;senecios;groundsel;groundsels;ragwort;ragworts"
"d036624","solidago","solidago;goldenrod;goldenrods;golden rod;golden rods;solidago virgaurea"
"d031184","sonchus","sonchus;thistle sow;sow thistle;sow thistles;thistles sow;sonchus arvensis;sonchus arvenses;arvensis sonchus;thistle field milk;field milk thistle;field milk thistles;milk thistle field;milk thistles field;thistles field milk"
"d036625","stevia","stevia;stevias;stevia rebaudiana;stevia rebaudianas;rebaudianas stevia;sweetleaf;sweetleafs;eupatorium rebaudianum;eupatorium rebaudianums;rebaudianums eupatorium"
"d031686","tagetes","tagetes;tagete;pericon;pericons"
"d020903","tanacetum parthenium","tanacetum parthenium;tanacetum partheniums;partheniums tanacetum;feverfew;feverfews;chrysanthemum parthenium;chrysanthemum partheniums;partheniums chrysanthemum"
"d031203","tanacetum","tanacetum;tanacetums;tansy;tansies;tanacetum vulgare;tanacetum vulgares;vulgares tanacetum"
"d031205","taraxacum","taraxacum;dandelion;dandelions;taraxacum officinale"
"d000079542","tithonia",""
"d031188","tragopogon","tragopogon;tragopogons;salsify yellow;salsifies yellow;yellow salsifies;yellow salsify;tragopogon pratensis;tragopogon pratenses;pratensis tragopogon;goats beard;beard goats;beards goats;goat beard;goats beards;goats beard;tragopogon porrifolius;salsify common;common salsifies;common salsify;salsifies common"
"d031169","tripleurospermum","tripleurospermum;tripleurospermums;camomile scentless;camomiles scentless;scentless camomile;scentless camomiles;mayweed false;false mayweed;false mayweeds;mayweeds false;chamomile scentless;chamomiles scentless;scentless chamomile;scentless chamomiles;tripleurospermum perforatum;tripleurospermum perforatums;perforatums tripleurospermum;matricaria perforata;matricaria perforatas;perforatas matricaria;tripleurosperum perforatum;tripleurosperum perforatums;perforatums tripleurosperum"
"d031207","tussilago","tussilago;tussilagos;tussilago farfara;tussilago farfaras;farfaras tussilago;coltsfoot;coltsfoots"
"d031208","verbesina","verbesina;verbesinas"
"d035741","vernonia","vernonia;vernonias"
"d031209","wedelia","wedelia;wedelias"
"d031210","xanthium","xanthium;xanthiums;cocklebur;cockleburs;xanthium spinosum;xanthium spinosums;spinosums xanthium;cocklebur spiny;cockleburs spiny;spiny cocklebur;spiny cockleburs"
"d018650","arnica","arnica;arnicas;arnica montana;arnica montanas;montanas arnica;leopards bane;bane leopards;banes leopards;leopard bane;leopards banes;leopards bane;bane leopards;banes leopards;leopards banes"
"d019659","asteraceae","asteraceae;compositae;doronicum;doronicums;leopards bane false;bane false leopards;banes false leopards;false leopards bane;false leopards banes;leopard bane false;leopards banes false;leopards bane false;emilia plant;emilia plants;plant emilia;plants emilia;enhydra fluctuans;enhydra fluctuan;fluctuan enhydra;phagnalon;phagnalons;heterotheca;heterothecas;iostephane;iostephanes;ixeris;ixeri;lychnophora;lychnophoras;pseudognaphalium;pseudognaphaliums;silphium;silphiums;sphaeranthus;aspilia;aspilias;trixis;trixi;viguiera;viguieras;carpesium;carpesiums;clibadium;clibadiums"
"d031162","achillea","achillea;achilleas;yarrow;yarrows;achillea millefolium;achillea millefoliums;millefolium achillea"
"d031163","ageratum","ageratum;ageratums"
"d031164","ambrosia","ambrosia;ambrosias;ragweed;ragweeds"
"d031166","anthemis","anthemis;anthemi;anthemis cotula;anthemis cotulas;cotulas anthemis;mayweed stinking;mayweeds stinking;stinking mayweed;stinking mayweeds;fennel dog;dog fennel;dog fennels;fennels dog;chamomile stinking;chamomiles stinking;stinking chamomile;stinking chamomiles;camomile stinking;camomiles stinking;stinking camomile;stinking camomiles"
"d031170","arctium","arctium;arctiums;burdock;burdocks;burdock plant;burdock plants;plant burdock;plants burdock;arctium lappa;gobo;gobos;gobou;burdock greater;burdocks greater;greater burdock;greater burdocks;arctium minus;burdock lesser;burdocks lesser;lesser burdock;lesser burdocks"
"d036603","ageratina","ageratina;ageratinas;ageratina adenophora;ageratina adenophoras;adenophoras ageratina;eupatorium adenophorum;eupatorium adenophorums;adenophorum eupatorium"
"d036921","achyrocline","achyrocline;achyroclines;marcela;marcelas"
"d032422","cissus",""
"d027843","vitis","vitis;vitis vinifera;grapes;grape;raisins;raisin"
"d027844","vitaceae",""
"d032421","ampelopsis","ampelopsis;ampelopses;porcelain berry plant;berry plant porcelain;berry plants porcelain;plant porcelain berry;plants porcelain berry;porcelain berry plants;porcelainberry plant;plant porcelainberry;plants porcelainberry;porcelainberry plants"
"d028483","abelmoschus","abelmoschus;abelmoschus esculentus;okra;okras"
"d035162","adansonia","adansonia;adansonias;baobab;baobabs"
"d031583","althaea","althaea;althaeas;althaea officinalis;mallow marsh;mallows marsh;marsh mallows;althea officinalis;white mallow;mallow white;mallows white;white mallows;marsh mallow;marshmallow;marshmallows"
"d035163","bombax","bombax;bombax ceiba;salmalia malabaricum;malabaricum salmalia;bombax malabaricum;malabaricum bombax"
"d002099","cacao","cacao;cocoa plant;plant cocoa;theobroma cacao;theobroma"
"d035164","ceiba","ceiba;ceibas;ceiba pentandra;ceiba pentandras;pentandra ceiba;kapok tree;kapok trees;tree kapok;trees kapok"
"d030221","cola","cola;kola nut;kola nuts;nut kola;nuts kola;cola acuminata;cola nitida"
"d032381","corchorus",""
"d003368","gossypium","gossypium;gossypiums;cotton plant;cotton plants;plant cotton;plants cotton"
"d032382","grewia","grewia;grewias;dhaman tree;dhaman trees;tree dhaman;trees dhaman"
"d031584","hibiscus","hibiscus;hibiscus sabdariffa;roselle;roselles;hibiscus cannabinus;kenaf"
"d028501","malva","malva;malvas"
"d000076248","sida plant","sida plant;sida plants;plant sida;plants sida;fanpetals;fanpetal"
"d032361","sterculia","sterculia;sterculias;karaya;karayas;sterculia urens;sterculia uren;urens sterculia"
"d032384","tilia","tilia;tilias;basswood;basswoods;linden;lindens"
"d032385","triumfetta","triumfetta;triumfettas;triumfetta semitriloba;triumfetta semitrilobas;semitrilobas triumfetta"
"d019660","malvaceae","malvaceae;sterculiaceae;mallow family;mallow families;hollyhock;hollyhocks;alcea;waltheria;helicteres;helictere;mansonia"
"d032083","citrus paradisi","citrus paradisi;citrus x paradisi;grapefruit;grapefruits;toronja;toronjas"
"d032084","citrus sinensis","citrus sinensis;citrus sinenses;sinensis citrus;orange tree;orange trees;tree orange;trees orange;oranges;orange"
"d002957","citrus","citrus;citrus medica;citrus medicas;medicas citrus;citron tree;citron trees;tree citron;trees citron;citrus reticulata;citrus reticulatas;reticulata citrus;tangerine tree;tangerine trees;tree tangerine;trees tangerine;orange tree mandarin;mandarin orange tree;mandarin orange trees;orange trees mandarin;tree mandarin orange;trees mandarin orange;fruit citrus;citrus fruit;citrus bergamia;citrus bergamias;bergamia citrus;citrus limon;lemon tree;lemon trees;tree lemon;trees lemon;citrus hystrix;citrus hystrices;hystrices citrus;kaffir lime;lime kaffir;citrus maxima;maxima citrus;pomelo tree;pomelo trees;tree pomelo;trees pomelo;pummelo tree;pummelo trees;tree pummelo;trees pummelo;citrus grandis;citrus grandi;citrus aurantium;citrus aurantiums;aurantium citrus;orange tree bitter;bitter orange tree;bitter orange trees;orange trees bitter;tree bitter orange;trees bitter orange;orange tree sour;orange trees sour;sour orange tree;sour orange trees;tree sour orange;trees sour orange;orange tree seville;orange trees seville;seville orange tree;seville orange trees;tree seville orange;trees seville orange"
"d032082","citrus aurantiifolia","citrus aurantiifolia;citrus aurantiifolias;aurantiifolia citrus;limes"
"d065986","citrullus colocynthis","citrullus colocynthis;colocynth;colocynths;bitter-cucumber;bitter cucumber;bitter-cucumbers;bitter-apple;bitter apple;bitter-apples"
"d029773","citrullus","citrullus;watermelon;watermelons"
"d028463","cucumis melo","cucumis melo;cucumis melos;melos cucumis;cantaloupes;cantaloupe"
"d018553","cucumis sativus","cucumis sativus;cucumbers"
"d028462","cucumis","cucumis;cucumi"
"d028464","cucurbita","cucurbita;cucurbitas;squash plant;plant squash;plants squash;squash plants;squashes;squashe;pumpkins;pumpkin"
"d029774","gynostemma","gynostemma;gynostemmas;gynostemma pentaphyllum;gynostemma pentaphyllums;pentaphyllum gynostemma"
"d029776","luffa","luffa;luffas;loofah;loofahs;momordica luffa;momordica luffas;luffa momordica"
"d029777","momordica charantia","momordica charantia;momordica charantias;charantias momordica;bitter melon;bitter melons;melon bitter;melons bitter;gourd bitter;bitter gourd;bitter gourds;gourds bitter;karela;karelas"
"d029775","momordica","momordica;momordicas"
"d029778","trichosanthes","trichosanthes;trichosanthe;trichosanthes kirilowii;trichosanthes kirilowius;kirilowius trichosanthes;gourd snake;snake gourd;gourds snake;snake gourds"
"d019662","cucurbitaceae","cucurbitaceae;fevillea;fevilleas;coccinia;coccinias;gourd ivy;ivy gourd;gourds ivy;ivy gourds;melons;melon;melothria;melothrias"
"d029772","bryonia","bryonia;bryonias;bryonia dioica;bryonia dioicas;dioicas bryonia;bryony;bryonies;bryonia alba;bryonia albas;alba bryonia"
"d027825","crataegus","crataegus;hawthorn;hawthorns;crataegus monogyna;crataegus monogynas;monogyna crataegus;monogynas crataegus"
"d031983","eriobotrya","eriobotrya;eriobotryas;loquat tree;loquat trees;tree loquat;trees loquat;loquats;loquat"
"d031984","filipendula","filipendula;filipendulas;dropwort;dropworts;meadowsweet;meadowsweets"
"d031985","fragaria","fragaria;strawberry;strawberries;fragaria vesca;alpine strawberry;alpine strawberries;strawberries alpine;strawberry alpine;woodland strawberry;strawberries woodland;strawberry woodland;woodland strawberries"
"d031986","geum","geum;geums;avens;aven"
"d027845","malus","malus;malus domestica;apple tree;apple trees;tree apple;trees apple;apple;apples;crab apple;apple crab;apples crab;crab apples"
"d046936","photinia","photinia;photinias;photinia melanocarpa;photinia melanocarpas;melanocarpa photinia;black chokeberry tree;black chokeberry trees;chokeberry tree black;chokeberry trees black;tree black chokeberry;trees black chokeberry;black chokecherry tree;black chokecherry trees;chokecherry tree black;chokecherry trees black;tree black chokecherry;trees black chokecherry;aronia melanocarpa;aronia melanocarpas;melanocarpas aronia;aronia;aronias"
"d031987","potentilla","potentilla;potentillas;silverweed;silverweeds;cinquefoil;cinquefoils"
"d000068218","prunus africana","prunus africana;african prune;african prunes;prunes african;prune african;pygeum africanum"
"d000068219","prunus armeniaca","prunus armeniaca;apricot tree;apricot trees;tree apricot;trees apricot;apricot;apricots"
"d000068220","prunus avium","prunus avium;sweet cherry tree;cherry tree sweet;cherry trees sweet;sweet cherry trees;tree sweet cherry;trees sweet cherry;prunus cerasus;sour cherry;cherries sour;cherry sour;sour cherries;pie cherry;cherries pie;cherry pie;pie cherries;sweet cherries;cherries sweet;cherry sweet;sweet cherry;prunus serotina;black cherry;black cherries;cherries black;cherry black"
"d000068242","prunus domestica","prunus domestica;plum tree;plum trees;tree plum;trees plum;plum;plums;prunus cerasifera;cherry plum tree;cherry plum trees;plum tree cherry;plum trees cherry;tree cherry plum;trees cherry plum;prunus salicina;prunus salicinas;salicina prunus;salicinas prunus;japanese plum;japanese plums;plum japanese;plums japanese"
"d000068181","prunus dulcis","prunus dulcis;almond tree;almond trees;tree almond;trees almond;prunis communis;sweet almond;almond sweet;almonds sweet;sweet almonds;prunus amygdalus;amygdalus communis;almonds;almond"
"d000068239","prunus persica","prunus persica;peach tree;peach trees;tree peach;trees peach;peach;peaches"
"d027861","prunus","prunus;chokecherry tree;chokecherry trees;tree chokecherry;trees chokecherry"
"d031991","pyracantha","pyracantha;pyracanthas;firethorn;firethorns"
"d031989","pyrus","pyrus;pears;pear"
"d031990","quillaja","quillaja;quillajas;quillaja saponaria;quillaja saponarias;saponaria quillaja;saponarias quillaja;soapbush;soapbushs;soapbark;soapbarks"
"d027826","rosa","rosa;rosas;rose;roses;rosehips;rosehip"
"d065856","rubus","rubus;rubus glaucus;andean blackberry;andean blackberries;blackberries andean;blackberry andean;rubus idaeus;raspberries;raspberry;rubus fruticosus;blackberries;blackberry"
"d031993","sanguisorba","sanguisorba;sanguisorbas;burnet;burnets"
"d031994","sorbus","sorbus;ash mountain;rowan;rowans;mountain ash;ashs mountain;mountain ashs"
"d031992","spiraea","spiraea;spiraeas"
"d027824","rosaceae","rosaceae;amelanchier;amelanchiers;serviceberry;serviceberries;cotoneaster;cotoneasters;chaenomeles;chaenomele;quince flowering;flowering quince;flowering quinces;quinces flowering;cydonia;cydonias;quince;quinces;dryas plant;dryas plants;plant dryas;plants dryas;coleogyne;coleogynes;cercocarpus;mahogany mountain;mountain mahogany;mahoganies mountain;mountain mahoganies"
"d031981","agrimonia","agrimonia;agrimonias;agrimony;agrimonies;agrimonia pilosa;agrimonia pilosas;pilosa agrimonia;agrimonia eupatoria;agrimonia eupatorias;eupatorias agrimonia"
"d031982","alchemilla","alchemilla;alchemillas;ladys mantle;lady mantle;ladys mantle"